date,views,article
2021-01-01,18803,Onitsuka Tiger
2021-02-01,15799,Onitsuka Tiger
2021-03-01,18117,Onitsuka Tiger
2021-04-01,17147,Onitsuka Tiger
2021-05-01,16671,Onitsuka Tiger
2021-06-01,16087,Onitsuka Tiger
2021-07-01,18969,Onitsuka Tiger
2021-08-01,18518,Onitsuka Tiger
2021-09-01,15585,Onitsuka Tiger
2021-10-01,15556,Onitsuka Tiger
2021-11-01,14582,Onitsuka Tiger
2021-12-01,15644,Onitsuka Tiger
2022-01-01,16048,Onitsuka Tiger
2022-02-01,13162,Onitsuka Tiger
2022-03-01,13803,Onitsuka Tiger
2022-04-01,16453,Onitsuka Tiger
2022-05-01,17090,Onitsuka Tiger
2022-06-01,15356,Onitsuka Tiger
2022-07-01,17184,Onitsuka Tiger
2022-08-01,16807,Onitsuka Tiger
2022-09-01,17187,Onitsuka Tiger
2022-10-01,17579,Onitsuka Tiger
2022-11-01,18056,Onitsuka Tiger
2022-12-01,16538,Onitsuka Tiger
2023-01-01,19915,Onitsuka Tiger
2023-02-01,19383,Onitsuka Tiger
2023-03-01,19367,Onitsuka Tiger
2023-04-01,21419,Onitsuka Tiger
2023-05-01,29703,Onitsuka Tiger
2023-06-01,23616,Onitsuka Tiger
2023-07-01,25094,Onitsuka Tiger
2023-08-01,23434,Onitsuka Tiger
2023-09-01,22789,Onitsuka Tiger
2023-10-01,22920,Onitsuka Tiger
2023-11-01,22428,Onitsuka Tiger
2023-12-01,32622,Onitsuka Tiger
2024-01-01,32789,Onitsuka Tiger
2024-02-01,26455,Onitsuka Tiger
2024-03-01,30381,Onitsuka Tiger
2024-04-01,31874,Onitsuka Tiger
2024-05-01,27206,Onitsuka Tiger
2024-06-01,25259,Onitsuka Tiger
2024-07-01,31195,Onitsuka Tiger
2024-08-01,32820,Onitsuka Tiger
2024-09-01,30687,Onitsuka Tiger
2024-10-01,29751,Onitsuka Tiger
2024-11-01,29452,Onitsuka Tiger
2024-12-01,29955,Onitsuka Tiger
2025-01-01,28228,Onitsuka Tiger
2025-02-01,28144,Onitsuka Tiger
2025-03-01,115309,Onitsuka Tiger
2025-04-01,31024,Onitsuka Tiger
2025-05-01,32606,Onitsuka Tiger
2025-06-01,29227,Onitsuka Tiger
2025-07-01,27039,Onitsuka Tiger
2025-08-01,29789,Onitsuka Tiger
2025-09-01,28347,Onitsuka Tiger
2025-10-01,29766,Onitsuka Tiger
2025-11-01,28161,Onitsuka Tiger
2025-12-01,25635,Onitsuka Tiger
2026-01-01,26537,Onitsuka Tiger
2026-02-01,22296,Onitsuka Tiger
2026-03-01,25528,Onitsuka Tiger
2026-04-01,32135,Onitsuka Tiger
2026-05-01,27655,Onitsuka Tiger
2026-06-01,26908,Onitsuka Tiger
